id,task,parent_preference,a1,a2,b1,b2,c1,c2
T01,Find the three places in a repository that define the request timeout. Return exact values and file locations; the parent will interpret their relationship.,explorer,explorer,explorer,explorer,explorer,explorer,explorer
T02,Implement CSV export in an existing reporting page. Requirements and the existing export pattern are clear; the work includes normal integration and appropriate verification.,worker,worker,worker,worker,worker,worker,worker
T03,"Rewrite an awkward 150-word product introduction. The facts are supplied. It must sound natural, restrained, and confident; choosing what to emphasize matters more than length.",professor,professor,professor,professor,professor,professor,professor
T04,Run an existing validation command against four supplied fixtures. Record exit codes and the relevant error messages. No diagnosis or fix is requested.,operator,operator,operator,operator,operator,operator,operator
T05,"Examine a proposed distributed protocol with four interacting state machines. Determine whether its safety claim holds under reordering, retries, and partial failures; provide a proof or concrete counterexample. The parent is pursuing a separate approach.",kami,kami,kami,kami,kami,kami,kami
T06,Choose between two public API designs. Both work and pass tests. Assess which concepts and boundaries will make the API feel coherent and remain understandable as it grows.,professor,professor,professor,professor,professor,professor,professor
T07,"Normalize 12,000 records using a supplied exact field mapping and an existing script. Check record counts and report rejected rows. The procedure and expected format are already defined.",operator,operator,operator,operator,operator,operator,operator
T08,Fix a reproduced missing-configuration bug across three modules. The cause and intended behavior are known; update the affected callers and validate the correction.,worker,worker,worker,worker,worker,worker,worker
T09,"Retrieve the official documented defaults for five named options at a specified library version. Return exact values, citations, and any missing documentation.",explorer,explorer,explorer,explorer,explorer,explorer,explorer
T10,"A project proposal asks for a dashboard, but its stated goals and complaints may point to a different underlying need. Identify the real problem and the most useful framing without designing a whole system.",professor,professor,professor,professor,professor,professor,professor
T11,Rename a specified configuration key in eight explicitly listed files using a complete occurrence list. Update the corresponding fixtures and run the supplied check. The change is mechanical and its success condition is clear.,operator,operator,operator,operator,operator,operator,operator
T12,"Upgrade a library by one major version using its migration guide. Update integration code, resolve normal compatibility issues, and make the existing application work correctly.",worker,worker,worker,worker,worker,worker,worker
T13,"Investigate a rare data corruption bug involving transactions, retries, and cache invalidation. Several plausible explanations have survived initial checks, and the existing evidence is contradictory. Develop and test a coherent causal explanation independently of the parent.",kami,kami,kami,kami,kami,kami,kami
T14,"Write three short button labels for a sensitive confirmation flow. The behavior is fixed; the wording must be unambiguous, calm, and consistent with the product voice. There is no single prescribed answer.",professor,professor,professor,professor,professor,professor,professor
T15,"Build a complete settings form using the existing design system and supplied validation rules. The work spans several components and tests, but its behavior and structure follow established patterns.",worker,worker,worker,worker,worker,worker,worker
T16,"Resolve a difficult algorithmic question: either establish a proposed invariant under a subtle adversarial input model or find a counterexample. Several natural approaches have failed, and the result determines whether a larger design is viable.",kami,kami,kami,kami,kami,kami,kami
